hospital_id,hospital_name,city,country,email,website,phone,doctor_count,fallback_portrait_count,slug,intake_url
3,"Indraprastha Apollo Hospital","New Delhi","India","intlmarketing@apollohospitals.com","https://www.apollohospitals.com","+911126925858",2,0,apollo-hospital-delhi,https://medcasts.com/hospital-portal/portraits?hospital=apollo-hospital-delhi
9,"Bumrungrad International","Bangkok","Thailand","info@bumrungrad.com","https://www.bumrungrad.com","+6620661000",0,0,bumrungrad-international,https://medcasts.com/hospital-portal/portraits?hospital=bumrungrad-international
16,"Asan Medical Center","Seoul","South Korea","ims@amc.seoul.kr","https://www.amc.seoul.kr/asan/","+82230103114",21,21,asan-medical-center,https://medcasts.com/hospital-portal/portraits?hospital=asan-medical-center
2,"Medanta - The Medicity","Gurugram","India","international@medanta.org","https://www.medanta.org","+911244834111",3,1,medanta-medicity,https://medcasts.com/hospital-portal/portraits?hospital=medanta-medicity
12,"Cleveland Clinic Abu Dhabi","Abu Dhabi","United Arab Emirates","intlpatients@clevelandclinicabudhabi.ae","http://www.clevelandclinicabudhabi.ae/","+97128019000",0,0,cleveland-clinic-abu-dhabi,https://medcasts.com/hospital-portal/portraits?hospital=cleveland-clinic-abu-dhabi
13,"Mount Elizabeth Hospital","Singapore","Singapore","ppl@parkwaypantai.com","http://mountelizabeth.com.sg/en/Default.aspx","+6567372666",0,0,mount-elizabeth-hospital,https://medcasts.com/hospital-portal/portraits?hospital=mount-elizabeth-hospital
7,"Acıbadem Maslak Hospital","Istanbul","Turkey","international@acibadem.com","https://www.acibademinternational.com","+902123044444",0,0,acibadem-maslak,https://medcasts.com/hospital-portal/portraits?hospital=acibadem-maslak
14,"Charité — Universitätsmedizin Berlin","Berlin","Germany","international@charite.de","https://www.charite.de","+493045050",0,0,charite-berlin,https://medcasts.com/hospital-portal/portraits?hospital=charite-berlin
15,"Klinikum rechts der Isar (TUM)","Munich","Germany","internationaloffice@mri.tum.de","https://www.mri.tum.de","+498941400",0,0,klinikum-rechts-der-isar,https://medcasts.com/hospital-portal/portraits?hospital=klinikum-rechts-der-isar
10,"Bangkok Hospital","Bangkok","Thailand","info@bangkokhospital.com","http://www.bkkchristianhosp.th.com","+6623105000",1,1,bangkok-hospital,https://medcasts.com/hospital-portal/portraits?hospital=bangkok-hospital
8,"Memorial Şişli Hospital","Istanbul","Turkey","info@memorial.com.tr","https://www.memorial.com.tr","+902124447888",0,0,memorial-sisli,https://medcasts.com/hospital-portal/portraits?hospital=memorial-sisli
1,"Artemis Hospital","Gurugram","India","international@artemishospitals.com","http://www.artemishospitals.com","+911244511111",2,0,artemis-hospital,https://medcasts.com/hospital-portal/portraits?hospital=artemis-hospital
11,"Mediclinic City Hospital","Dubai","United Arab Emirates","dubai@mediclinic.ae","http://www.mediclinic.ae/","+97144359999",0,0,mediclinic-city-hospital,https://medcasts.com/hospital-portal/portraits?hospital=mediclinic-city-hospital
17,"Prince Court Medical Centre","Kuala Lumpur","Malaysia","info@princecourt.com","https://princecourt.com/","+60321600000",0,0,prince-court-medical-centre,https://medcasts.com/hospital-portal/portraits?hospital=prince-court-medical-centre
5,"Amrita Hospital Faridabad","Faridabad","India","intl@amritahospital.org","https://amritahospitals.org/fbd/","+911800123456",1,0,amrita-hospital-faridabad,https://medcasts.com/hospital-portal/portraits?hospital=amrita-hospital-faridabad
4,"Max Super Speciality Hospital, Saket","New Delhi","India","intlpatients@maxhealthcare.com","https://www.maxhealthcare.in","+911126515050",2,0,max-hospital-saket,https://medcasts.com/hospital-portal/portraits?hospital=max-hospital-saket
6,"Sarvodaya Hospital","Faridabad","India","info@sarvodayahospital.com","","+911294000000",1,0,sarvodaya-hospital,https://medcasts.com/hospital-portal/portraits?hospital=sarvodaya-hospital
5414,"Star Hospital","Hyderabad","India","info@starhospitals.in","https://www.starhospitals.in/","040-44 777 777",0,0,star-hospital,https://medcasts.com/hospital-portal/portraits?hospital=star-hospital
8289,"Universitätsklinikum Augsburg","Augsburg","Germany","info@uk-augsburg.de","https://www.uk-augsburg.de/","+49 821 400-01",0,0,universitatsklinikum-augsburg,https://medcasts.com/hospital-portal/portraits?hospital=universitatsklinikum-augsburg
8287,"Hardtwaldklinik I","Bad Zwesten","Germany","","https://www.hardtwaldklinik1.de/","+49 5626 870",0,0,hardtwaldklinik-i,https://medcasts.com/hospital-portal/portraits?hospital=hardtwaldklinik-i
5394,"City Tower Hospitals","Chennai","India","info@citytowerhospitals.com","http://www.citytowerhospitals.net/contact.asp","",0,0,city-tower-hospitals,https://medcasts.com/hospital-portal/portraits?hospital=city-tower-hospitals
6554,"Hi-Tech Medical College & Hospital, Rourkela","Rourkela","India","","https://www.hi-techmedicalrkl.org/","",0,0,hi-tech-medical-college-hospital-rourkela,https://medcasts.com/hospital-portal/portraits?hospital=hi-tech-medical-college-hospital-rourkela
6641,"Nagaland Institute of Medical Sciences and  Research (NIMSR)","Kohima","India","nimsrkohima@gmail.com","https://nimsr.nagaland.gov.in","",0,0,nagaland-institute-of-medical-sciences-and-research-nimsr,https://medcasts.com/hospital-portal/portraits?hospital=nagaland-institute-of-medical-sciences-and-research-nimsr
5397,"K.H.M.Hospital","Chennai","India","khmhospital@gmail.com","https://khmhospital.com/","",0,0,k-h-m-hospital,https://medcasts.com/hospital-portal/portraits?hospital=k-h-m-hospital
4698,"Klinikum Aschaffenburg","Aschaffenburg","Germany","info@klinikum-ab-alz.de","https://www.klinikum-ab-alz.de/","+49 6021 32",0,0,klinikum-aschaffenburg,https://medcasts.com/hospital-portal/portraits?hospital=klinikum-aschaffenburg
8291,"Johannesstift","Bielefeld","Germany","info@evkb.de","https://evkb.de/ueber-uns/standorte-anfahrt/johannesstift/","+49 521 772-702",0,0,johannesstift,https://medcasts.com/hospital-portal/portraits?hospital=johannesstift
8293,"Kinderklinik Schömberg","Schömberg","Germany","","http://www.kiklisch.de","",0,0,kinderklinik-schomberg,https://medcasts.com/hospital-portal/portraits?hospital=kinderklinik-schomberg
5197,"Sultan Ismail Hospital","Johor Bahru","Malaysia","","http://hsi.moh.gov.my/","",0,0,sultan-ismail-hospital,https://medcasts.com/hospital-portal/portraits?hospital=sultan-ismail-hospital
5400,"BM Hospital","Chennai","India","","https://bmhospitals.com/","044-22670277",0,0,bm-hospital,https://medcasts.com/hospital-portal/portraits?hospital=bm-hospital
5403,"Ramakrishna Hospital","Bangalore South","India","","http://rkhealth.com/","+918040800300",0,0,ramakrishna-hospital,https://medcasts.com/hospital-portal/portraits?hospital=ramakrishna-hospital
2619,"Ao Luek Hospital","Khlong Hin","Thailand","","https://aoluk-hospital.net","",0,0,ao-luek-hospital,https://medcasts.com/hospital-portal/portraits?hospital=ao-luek-hospital
8295,"Hümmling Hospital Sögel","Sögel","Germany","verwaltung@hospital-soegel.de","https://www.hümmling-hospital-sögel.de/","+49 5952 209 0",0,0,hummling-hospital-sogel,https://medcasts.com/hospital-portal/portraits?hospital=hummling-hospital-sogel
5410,"Borivali West","Mumbai","India","hospitaldhanvantari621@gmail.com","https://dhanvantarihospitals.com/","",0,0,borivali-west,https://medcasts.com/hospital-portal/portraits?hospital=borivali-west
8297,"BürgerGesundheitsPark","Bad Gandersheim","Germany","","https://www.buergergesundheitspark.de/","+49 5382 702-0",0,0,burgergesundheitspark,https://medcasts.com/hospital-portal/portraits?hospital=burgergesundheitspark
8296,"Allgemeines Krankenhaus","Celle","Germany","","https://www.akh-celle.de/","+49 5141 72 0",0,0,allgemeines-krankenhaus,https://medcasts.com/hospital-portal/portraits?hospital=allgemeines-krankenhaus
8298,"Paracelsus-Krankenhaus","Bad Liebenzell","Germany","","https://www.paracelsus-krankenhaus.de/","",0,0,paracelsus-krankenhaus,https://medcasts.com/hospital-portal/portraits?hospital=paracelsus-krankenhaus
8282,"Klinikum Fulda","Fulda","Germany","info@klinikum-fulda.de","https://www.klinikum-fulda.de/","+49 661 840",0,0,klinikum-fulda,https://medcasts.com/hospital-portal/portraits?hospital=klinikum-fulda
5395,"Sri Ramakrishna Dental Hospital","Coimbatore South","India","","https://srdch.ac.in","",0,0,sri-ramakrishna-dental-hospital,https://medcasts.com/hospital-portal/portraits?hospital=sri-ramakrishna-dental-hospital
5417,"Mallige Medical Centre","Bangalore","India","","https://www.mallige.com/","080 2220 3333",0,0,mallige-medical-centre,https://medcasts.com/hospital-portal/portraits?hospital=mallige-medical-centre
8301,"AMEOS Klinikum Eutin","Eutin","Germany","","https://www.ameos.eu/standorte/ameos-nord/eutin/","+49 4521 787 0",0,0,ameos-klinikum-eutin,https://medcasts.com/hospital-portal/portraits?hospital=ameos-klinikum-eutin
8300,"AMEOS Klinikum","Kiel","Germany","","https://www.ameos.eu/standorte/ameos-nord/kiel/ameos-klinikum-kiel/","+49 431 780530",0,0,ameos-klinikum,https://medcasts.com/hospital-portal/portraits?hospital=ameos-klinikum
7282,"Özel Aspendos Anadolu Hastanesi","Serik","Turkey","","https://www.anatoliahospital.com/","+902427225353",0,0,ozel-aspendos-anadolu-hastanesi,https://medcasts.com/hospital-portal/portraits?hospital=ozel-aspendos-anadolu-hastanesi
7546,"TCM-Klinik","Bad Kötzting","Germany","kontakt@tcm.info","http://www.tcm-klinik-koetzting.de/","+49 9941 609-0",0,0,tcm-klinik,https://medcasts.com/hospital-portal/portraits?hospital=tcm-klinik
8303,"Deister Süntel Klinik Bad Münder","Bad Münder am Deister","Germany","","https://dsk-bm.de/","",0,0,deister-suntel-klinik-bad-munder,https://medcasts.com/hospital-portal/portraits?hospital=deister-suntel-klinik-bad-munder
8305,"Helios Agnes-Karll-Krankenhaus Bad Schwartau","Bad Schwartau","Germany","","https://www.helios-gesundheit.de/kliniken/bad-schwartau/","+49 451 20070",0,0,helios-agnes-karll-krankenhaus-bad-schwartau,https://medcasts.com/hospital-portal/portraits?hospital=helios-agnes-karll-krankenhaus-bad-schwartau
5396,"Apollo Hospitals, Tondiarpet","Chennai","India","enquiry@apollohospitals.com","https://www.apollohospitals.com/","",0,0,apollo-hospitals-tondiarpet,https://medcasts.com/hospital-portal/portraits?hospital=apollo-hospitals-tondiarpet
5425,"Yashoda Super Speciality Hospital, Anand Vihar","Ghaziabad","India","admin.yhk@yashodahospital.org","https://www.yashodahospital.org/","",0,0,yashoda-super-speciality-hospital-anand-vihar,https://medcasts.com/hospital-portal/portraits?hospital=yashoda-super-speciality-hospital-anand-vihar
8309,"Kreiskrankenhaus Erbach","Erbach","Germany","","https://www.gz-odw.de/kreiskrankenhaus/","",0,0,kreiskrankenhaus-erbach,https://medcasts.com/hospital-portal/portraits?hospital=kreiskrankenhaus-erbach
4085,"Krankenhaus","Apolda","Germany","","https://www.bergmanclinics-hofgartenklinik.de/","",0,0,krankenhaus,https://medcasts.com/hospital-portal/portraits?hospital=krankenhaus
5517,"North Bengal Medical College","Matigara block","India","","https://nbmch.ac.in/","",0,0,north-bengal-medical-college,https://medcasts.com/hospital-portal/portraits?hospital=north-bengal-medical-college
8317,"Kreiskrankenhaus Frankenberg","Frankenberg (Eder)","Germany","","https://www.krankenhaus-frankenberg.de/","+49 6451 550",0,0,kreiskrankenhaus-frankenberg,https://medcasts.com/hospital-portal/portraits?hospital=kreiskrankenhaus-frankenberg
8321,"Fachkrankenhaus für Dermatologie Schloß Friedensburg","Leutenberg","Germany","","https://www.schlossfriedensburg.de/startseite.html","+49 36734 800",0,0,fachkrankenhaus-fur-dermatologie-schlo-friedensburg,https://medcasts.com/hospital-portal/portraits?hospital=fachkrankenhaus-fur-dermatologie-schlo-friedensburg
200,"Medica Superspecialty Hospital","Kolkata","India","contactus@medicahospitals.in","http://www.medicahospitals.in/","91 33 66520000",0,0,medica-superspecialty-hospital,https://medcasts.com/hospital-portal/portraits?hospital=medica-superspecialty-hospital
6356,"Anuchandra Accident Hospital","Baramati","India","support@anuchandrahospital.com","https://www.anuchandrahospital.com/","",0,0,anuchandra-accident-hospital,https://medcasts.com/hospital-portal/portraits?hospital=anuchandra-accident-hospital
4432,"Bezirkskrankenhaus Augsburg","Augsburg","Germany","","http://www.bkh-augsburg.de/","+49 821 4803-0",0,0,bezirkskrankenhaus-augsburg,https://medcasts.com/hospital-portal/portraits?hospital=bezirkskrankenhaus-augsburg
32,"College of Medicine & Sagar Dutta Hospital","Kamarhati","India","","http://www.cmsdh.edu.in/","",0,0,college-of-medicine-sagar-dutta-hospital,https://medcasts.com/hospital-portal/portraits?hospital=college-of-medicine-sagar-dutta-hospital
5415,"Kailash Hospital & Heart Institute","Noida","India","kailash.Noida@kailashhealthcare.com","https://www.kailashhealthcare.com/","0120 244 4444",0,0,kailash-hospital-heart-institute,https://medcasts.com/hospital-portal/portraits?hospital=kailash-hospital-heart-institute
8315,"Sankt-Marien-Hospital Bonn","Bonn","Germany","info@marien-hospital-bonn.de","https://www.gfo-kliniken-bonn.de/startseite.html","+49 228 5050",0,0,sankt-marien-hospital-bonn,https://medcasts.com/hospital-portal/portraits?hospital=sankt-marien-hospital-bonn
8324,"Robert-Bosch-Krankenhaus, Standort City","Stuttgart","Germany","","https://www.rbk.de/standorte/robert-bosch-krankenhaus-standort-city.html","+49 711 2156-0",0,0,robert-bosch-krankenhaus-standort-city,https://medcasts.com/hospital-portal/portraits?hospital=robert-bosch-krankenhaus-standort-city
8316,"Hardtwaldklinik II","Bad Zwesten","Germany","","https://www.hardtwaldklinik2.de/","+49 5626 880",0,0,hardtwaldklinik-ii,https://medcasts.com/hospital-portal/portraits?hospital=hardtwaldklinik-ii
3661,"Dubai Herbal and Treatment Centre","Dubai","United Arab Emirates","","http://www.dubaihtc.com/","0097143351200",0,0,dubai-herbal-and-treatment-centre,https://medcasts.com/hospital-portal/portraits?hospital=dubai-herbal-and-treatment-centre
8334,"München Klinik Bogenhausen","München","Germany","kmb@kh-bogenhausen.de","https://www.muenchen-klinik.de/krankenhaus/bogenhausen/","+49 89 9270-0",0,0,munchen-klinik-bogenhausen,https://medcasts.com/hospital-portal/portraits?hospital=munchen-klinik-bogenhausen
8340,"AMEOS Klinikum Haldensleben - Psychiatrie","Haldensleben","Germany","","https://www.ameos.de/klinikum-haldensleben","+49 3904 4750",0,0,ameos-klinikum-haldensleben-psychiatrie,https://medcasts.com/hospital-portal/portraits?hospital=ameos-klinikum-haldensleben-psychiatrie
5455,"Subodh Mitra Cancer Hospital and Research Centre","Bidhannagar","India","","http://ww16.cancerhospital.org/","03323352515",0,0,subodh-mitra-cancer-hospital-and-research-centre,https://medcasts.com/hospital-portal/portraits?hospital=subodh-mitra-cancer-hospital-and-research-centre
5149,"University Kebangsaan Malaysia Medical Centre","Kuala Lumpur","Malaysia","","http://www.ppukm.ukm.my/","",1,1,university-kebangsaan-malaysia-medical-centre,https://medcasts.com/hospital-portal/portraits?hospital=university-kebangsaan-malaysia-medical-centre
5421,"Dr. Chaku Eye SurgeryCentre","Ludhiana","India","chughnavjot@yahoo.co.in","http://www.chugheyesurgery.com/","0161 245 5391",0,0,dr-chaku-eye-surgerycentre,https://medcasts.com/hospital-portal/portraits?hospital=dr-chaku-eye-surgerycentre
4473,"Maximilian MVZ - Medizinische Versorgungszentrum für Augenheilkunde Nuernberg","Nuremberg","Germany","","http://maximilian-mvz.de/","",0,0,maximilian-mvz-medizinische-versorgungszentrum-fur-augenheilkunde-nuernberg,https://medcasts.com/hospital-portal/portraits?hospital=maximilian-mvz-medizinische-versorgungszentrum-fur-augenheilkunde-nuernberg
8347,"Evangelische Stiftung Tannenhof","Remscheid","Germany","","https://www.stiftung-tannenhof.de/","+49 2191 120",0,0,evangelische-stiftung-tannenhof,https://medcasts.com/hospital-portal/portraits?hospital=evangelische-stiftung-tannenhof
5408,"Innova Children's Heart Hospital","Hyderabad","India","","https://www.innovahospitals.in/","040 2700 7272 ; 9000991535",0,0,innova-children-s-heart-hospital,https://medcasts.com/hospital-portal/portraits?hospital=innova-children-s-heart-hospital
5404,"Chord Road Hospital Pvt Ltd","Basaveshwara Nagar, Bangalore","India","chordroadhospital100@yahoo.co.in","http://www.chordroadhospitalent.com/","+91-80-23225858;+91-80-2322586",0,0,chord-road-hospital-pvt-ltd,https://medcasts.com/hospital-portal/portraits?hospital=chord-road-hospital-pvt-ltd
8352,"Sophien- und Hufeland- Klinikum Weimar","Weimar","Germany","","https://www.klinikum-weimar.de/","",0,0,sophien-und-hufeland-klinikum-weimar,https://medcasts.com/hospital-portal/portraits?hospital=sophien-und-hufeland-klinikum-weimar
5457,"Yashoda Super Speciality Hospital","Hyderabad","India","malakpet@yashodamail.com","https://www.yashodahospitals.com/","040 45674567; 040 2455 6257",0,0,yashoda-super-speciality-hospital,https://medcasts.com/hospital-portal/portraits?hospital=yashoda-super-speciality-hospital
6372,"Beams Hospital Pvt.Ltd.","Amritsar","India","","http://www.beamshospitals.com/amritsar.htm","",0,0,beams-hospital-pvt-ltd,https://medcasts.com/hospital-portal/portraits?hospital=beams-hospital-pvt-ltd
5466,"Tagore Hospital and Heart Care Center","Jalandhar","India","","https://www.tagorehospital.com/","0181 468 5700",0,0,tagore-hospital-and-heart-care-center,https://medcasts.com/hospital-portal/portraits?hospital=tagore-hospital-and-heart-care-center
4496,"Helios Hospital Krefeld","Krefeld","Germany","","http://www.helios-kliniken.de/klinik/krefeld.html","",0,0,helios-hospital-krefeld,https://medcasts.com/hospital-portal/portraits?hospital=helios-hospital-krefeld
4506,"Klinik Königshof","Krefeld","Germany","","http://www.klinik-koenigshof-krefeld.de/start/","",0,0,klinik-konigshof,https://medcasts.com/hospital-portal/portraits?hospital=klinik-konigshof
1018,"IPGMER and SSKM Hospital","Kolkata","India","","https://www.ipgmer.gov.in/","",1,1,ipgmer-and-sskm-hospital,https://medcasts.com/hospital-portal/portraits?hospital=ipgmer-and-sskm-hospital
6377,"Eskag Sanjeevani Hospital","Baranagar","India","","https://eskagsanjeevani.com/","",0,0,eskag-sanjeevani-hospital,https://medcasts.com/hospital-portal/portraits?hospital=eskag-sanjeevani-hospital
6380,"Hope Hospital, Ludhiana","Ludhiana","India","","http://www.hopehospitalludhiana.com","+91-161-2301003, 2302003",0,0,hope-hospital-ludhiana,https://medcasts.com/hospital-portal/portraits?hospital=hope-hospital-ludhiana
6415,"Sri Guru Harkrishan Sahib (C) Eye Institute And Super Speciality Hospital","S.A.S. Nagar (Mohali) Tahsil","India","info@sghshospitals.com","https://www.sghshospitals.com/","+91 8725001324 ;+91 172-229500",0,0,sri-guru-harkrishan-sahib-c-eye-institute-and-super-speciality-hospital,https://medcasts.com/hospital-portal/portraits?hospital=sri-guru-harkrishan-sahib-c-eye-institute-and-super-speciality-hospital
6773,"Nizam's Institute Of Medical Sciences","Hyderabad","India","","https://nims.edu.in/","040-23489000; 040-23489244",3,2,nizam-s-institute-of-medical-sciences,https://medcasts.com/hospital-portal/portraits?hospital=nizam-s-institute-of-medical-sciences
5472,"Sai Hospital, Dugha","Hamirpur","India","info@saiHospital.net","http://saiHospital.net/","",0,0,sai-hospital-dugha,https://medcasts.com/hospital-portal/portraits?hospital=sai-hospital-dugha
5475,"Sree Latha Hospital","Rajamahendravaram","India","info@srilathahospitals.com","http://srilathahospitals.com/","+0883-241950, 0883-2461960.",0,0,sree-latha-hospital,https://medcasts.com/hospital-portal/portraits?hospital=sree-latha-hospital
8356,"HELIOS Hanseklinikum Stralsund","Stralsund","Germany","hst-info@helios-kliniken.de","https://www.helios-gesundheit.de/standorte-angebote/kliniken/stralsund/","+49 3831 350",0,0,helios-hanseklinikum-stralsund,https://medcasts.com/hospital-portal/portraits?hospital=helios-hanseklinikum-stralsund
8357,"Klinik Menterschwaige","München","Germany","info@klinik-menterschwaige.de","https://www.klinik-menterschwaige.de/","+49 89 642723 0",0,0,klinik-menterschwaige,https://medcasts.com/hospital-portal/portraits?hospital=klinik-menterschwaige
5401,"Dr. S. G. Rajarathinam Hospital","Coimbatore","India","","https://dr-sg-rajarathnam-hospital.business.site/","+914222236730",0,0,dr-s-g-rajarathinam-hospital,https://medcasts.com/hospital-portal/portraits?hospital=dr-s-g-rajarathinam-hospital
8358,"Ohlstadtklinik","Ohlstadt","Germany","service@ohlstadtklinik.de","https://www.ohlstadtklinik.de/","+49 8841 601-0",0,0,ohlstadtklinik,https://medcasts.com/hospital-portal/portraits?hospital=ohlstadtklinik
8359,"Kreisklinik Groß-Umstadt","Groß-Umstadt","Germany","","https://www.kreiskliniken-darmstadt-dieburg.de","",0,0,kreisklinik-gro-umstadt,https://medcasts.com/hospital-portal/portraits?hospital=kreisklinik-gro-umstadt
5157,"Universiti Malaya Medical Centre","Kuala Lumpur","Malaysia","","http://www.ummc.edu.my/#","",1,0,universiti-malaya-medical-centre,https://medcasts.com/hospital-portal/portraits?hospital=universiti-malaya-medical-centre
991,"Government Medical College and Hospital, Chandigarh","Chandigarh","India","","http://www.gmch.gov.in","",0,0,government-medical-college-and-hospital-chandigarh,https://medcasts.com/hospital-portal/portraits?hospital=government-medical-college-and-hospital-chandigarh
5405,"Pristline Hospital","Basaveshwara Nagar, Bangalore","India","pristinehospitals@pristinehospitals.com","http://www.pristinehospitals.com/","+91-80-41354444;+91-80-5127077",0,0,pristline-hospital,https://medcasts.com/hospital-portal/portraits?hospital=pristline-hospital
5490,"Dr. Dalvi Memorial Hospital and Research Centre","Nagpur","India","","https://dalvihospital.org/","+91 712 2766414",0,0,dr-dalvi-memorial-hospital-and-research-centre,https://medcasts.com/hospital-portal/portraits?hospital=dr-dalvi-memorial-hospital-and-research-centre
8363,"Kinderzentrum Haus 2","Bielefeld","Germany","kindertagesklinik@evkb.de","https://evkb.de/kliniken-zentren/zentren/kinderzentrum/","+49 521 77278050",0,0,kinderzentrum-haus-2,https://medcasts.com/hospital-portal/portraits?hospital=kinderzentrum-haus-2
8366,"Vinzentius-Krankenhaus","Landau in der Pfalz","Germany","","https://www.vinzentius.de","",0,0,vinzentius-krankenhaus,https://medcasts.com/hospital-portal/portraits?hospital=vinzentius-krankenhaus
8365,"Krankenhaus Mara","Bielefeld","Germany","info@mara.de","https://www.mara.de/","+49 521 772-701",0,0,krankenhaus-mara,https://medcasts.com/hospital-portal/portraits?hospital=krankenhaus-mara
5413,"Sriraksha","Khammam","India","","www.sriraksha.org","9951905940",0,0,sriraksha,https://medcasts.com/hospital-portal/portraits?hospital=sriraksha
5496,"Cure It Hospital Pvt.Ltd","Nagpur","India","","http://www.cureithospital.com/","+91 712 646 5102",0,0,cure-it-hospital-pvt-ltd,https://medcasts.com/hospital-portal/portraits?hospital=cure-it-hospital-pvt-ltd
8371,"Krankenhaus für Naturheilweisen","München","Germany","","https://www.krankenhaus-naturheilweisen.de/","",0,0,krankenhaus-fur-naturheilweisen,https://medcasts.com/hospital-portal/portraits?hospital=krankenhaus-fur-naturheilweisen
3962,"Klinikum St. Georg","Leipzig","Germany","","http://www.sanktgeorg.de/home.html","",0,0,klinikum-st-georg,https://medcasts.com/hospital-portal/portraits?hospital=klinikum-st-georg
8372,"Klinik Vincentinum","Augsburg","Germany","","https://www.klinik-vincentinum.de","+49 821 3167-0",0,0,klinik-vincentinum,https://medcasts.com/hospital-portal/portraits?hospital=klinik-vincentinum
611,"Akhand Jyoti Eye Hospital","Dariapur","India","","https://www.akhandjyoti.com","",0,0,akhand-jyoti-eye-hospital,https://medcasts.com/hospital-portal/portraits?hospital=akhand-jyoti-eye-hospital
262,"Chittaranjan National Cancer Institute","Baranagar","India","","https://www.cnci.ac.in/","",1,1,chittaranjan-national-cancer-institute,https://medcasts.com/hospital-portal/portraits?hospital=chittaranjan-national-cancer-institute
4717,"KRH Klinikum Agnes Karll Laatzen","Laatzen","Germany","","https://laatzen.krh.de/","",0,0,krh-klinikum-agnes-karll-laatzen,https://medcasts.com/hospital-portal/portraits?hospital=krh-klinikum-agnes-karll-laatzen
8367,"Waldklinik","Bernburg","Germany","verwaltung@waldklinik-bernburg.de","https://www.waldklinik-bernburg.de/","+49 3471 365-0",0,0,waldklinik,https://medcasts.com/hospital-portal/portraits?hospital=waldklinik
5409,"Divakars speciality Hospital","Bengaluru","India","","http://www.healthforher.in/","",0,0,divakars-speciality-hospital,https://medcasts.com/hospital-portal/portraits?hospital=divakars-speciality-hospital
8376,"NEXUS-Klinik Baden-Baden","Baden-Baden","Germany","","https://www.nexusklinik.de","",0,0,nexus-klinik-baden-baden,https://medcasts.com/hospital-portal/portraits?hospital=nexus-klinik-baden-baden
8375,"Krankenhaus Herrenberg","Herrenberg","Germany","","https://www.klinikverbund-suedwest.de/krankenhaus-herrenberg","",0,0,krankenhaus-herrenberg,https://medcasts.com/hospital-portal/portraits?hospital=krankenhaus-herrenberg
8381,"St. Franziskus Hospital","Lohne","Germany","","https://www.franziskushospital-lohne.de","",0,0,st-franziskus-hospital,https://medcasts.com/hospital-portal/portraits?hospital=st-franziskus-hospital
5418,"Shimla Sanitarium and Hospital","Shimla","India","","http://www.simlasanitariumandhospital.org","",0,0,shimla-sanitarium-and-hospital,https://medcasts.com/hospital-portal/portraits?hospital=shimla-sanitarium-and-hospital
8385,"Helios Klinik Duisburg Homberg","Duisburg","Germany","","https://www.helios-gesundheit.de/kliniken/duisburg-homberg/","+492066290",0,0,helios-klinik-duisburg-homberg,https://medcasts.com/hospital-portal/portraits?hospital=helios-klinik-duisburg-homberg
5512,"Nanavati Hospital, Mumbai","Mumbai","India","info@nanavatihospital.org","https://www.nanavatihospital.org/","2226267500",0,0,nanavati-hospital-mumbai,https://medcasts.com/hospital-portal/portraits?hospital=nanavati-hospital-mumbai
4374,"Agaplesion Elisabethenstift","Darmstadt","Germany","info.eke@agaplesion.de","http://www.agaplesion-elisabethenstift.de/","+49 6151 4030",0,0,agaplesion-elisabethenstift,https://medcasts.com/hospital-portal/portraits?hospital=agaplesion-elisabethenstift
8388,"Klinikum Aschaffenburg-Alzenau","Alzenau","Germany","","https://www.klinikum-ab-alz.de","+49 6023 506-0",0,0,klinikum-aschaffenburg-alzenau,https://medcasts.com/hospital-portal/portraits?hospital=klinikum-aschaffenburg-alzenau
8393,"Klinik für MIC Minimal Invasive Chirurgie","Berlin","Germany","","https://mic-berlin.de/","",0,0,klinik-fur-mic-minimal-invasive-chirurgie,https://medcasts.com/hospital-portal/portraits?hospital=klinik-fur-mic-minimal-invasive-chirurgie
8395,"Donau-Ries-Klinik","Donauwörth","Germany","","https://www.donkliniken.de/","+49 906 7820",0,0,donau-ries-klinik,https://medcasts.com/hospital-portal/portraits?hospital=donau-ries-klinik
5519,"Prashanth Hospital","Bengaluru","India","prashanthhospital1996@gmail.com","http://dpal.kar.nic.in/Kanunu%20padakosha%20PDF%20Files/Recognised%20Hospitals.pdf","080 4150 3714",0,0,prashanth-hospital,https://medcasts.com/hospital-portal/portraits?hospital=prashanth-hospital
5524,"Apex Hospitals Pvt Ltd","Jaipur Municipal Corporation","India","","https://www.apexhospitals.com/","",0,0,apex-hospitals-pvt-ltd,https://medcasts.com/hospital-portal/portraits?hospital=apex-hospitals-pvt-ltd
8396,"Waldhausklinik Deuringen","Stadtbergen","Germany","","https://www.waldhausklinik.de/","+49 821 43050",0,0,waldhausklinik-deuringen,https://medcasts.com/hospital-portal/portraits?hospital=waldhausklinik-deuringen
5422,"BGS Gleneagles Hospitals","Bengaluru","India","web.enquiries@globalhospitalsindia.com","https://bgsgleneaglesglobalhospitalbengaluru.com/","",0,0,bgs-gleneagles-hospitals,https://medcasts.com/hospital-portal/portraits?hospital=bgs-gleneagles-hospitals
8390,"Klinik am Zuckerberg","Braunschweig","Germany","","https://www.klinik-am-zuckerberg.de/","",0,0,klinik-am-zuckerberg,https://medcasts.com/hospital-portal/portraits?hospital=klinik-am-zuckerberg
978,"Cachar Cancer Hospital and Research Centre","Unknown","India","","https://cacharcancerhospital.org/","",0,0,cachar-cancer-hospital-and-research-centre,https://medcasts.com/hospital-portal/portraits?hospital=cachar-cancer-hospital-and-research-centre
312,"Dr. Ram Manohar Lohia Institute of Medical Sciences","Unknown","India","","http://drrmlims.ac.in","",0,0,dr-ram-manohar-lohia-institute-of-medical-sciences,https://medcasts.com/hospital-portal/portraits?hospital=dr-ram-manohar-lohia-institute-of-medical-sciences
5529,"Koya's Hospital","Kozhikode","India","info.koyas@gmail.com","https://www.koyashospital.com/","+91-4952483805",0,0,koya-s-hospital,https://medcasts.com/hospital-portal/portraits?hospital=koya-s-hospital
8397,"SRH Gesundheitszentrum Bad Herrenalb","Bad Herrenalb","Germany","","https://www.gesundheitszentren-nordschwarzwald.de/gesundheitszentren/unsere-drei-gesundheitszentren/srh-gesundheitszentrum-bad-herrenalb/","",0,0,srh-gesundheitszentrum-bad-herrenalb,https://medcasts.com/hospital-portal/portraits?hospital=srh-gesundheitszentrum-bad-herrenalb
5169,"Gleneagles Kota Kinabalu Hospital","Kota Kinabalu","Malaysia","","http://gleneagleskk.com.my/","",0,0,gleneagles-kota-kinabalu-hospital,https://medcasts.com/hospital-portal/portraits?hospital=gleneagles-kota-kinabalu-hospital
5532,"Ozone Dental Care","Calicut","India","","http://www.ozonedentalcare.in","",0,0,ozone-dental-care,https://medcasts.com/hospital-portal/portraits?hospital=ozone-dental-care
8401,"Vital Klinik","Alzenau","Germany","","https://www.vital-klinik.de","+49 6023 50590",0,0,vital-klinik,https://medcasts.com/hospital-portal/portraits?hospital=vital-klinik
5426,"Dr Kasbekar Sterling Hospital","Navi Mumbai","India","","http://www.navimumbai.wockhardthospitals.com","02266804444",0,0,dr-kasbekar-sterling-hospital,https://medcasts.com/hospital-portal/portraits?hospital=dr-kasbekar-sterling-hospital
8405,"Krankenhaus Winsen","Winsen (Luhe)","Germany","","https://www.krankenhaus-winsen.de/","",0,0,krankenhaus-winsen,https://medcasts.com/hospital-portal/portraits?hospital=krankenhaus-winsen
5177,"Columbia Asia Hospital Iskandar Puteri","Iskandar Puteri","Malaysia","","https://www.columbiaasia.com/malaysia/hospitals/iskandar-puteri/overview","",0,0,columbia-asia-hospital-iskandar-puteri,https://medcasts.com/hospital-portal/portraits?hospital=columbia-asia-hospital-iskandar-puteri
192,"Desun Hospital","Kolkata","India","","https://www.desunhospital.com/","",0,0,desun-hospital,https://medcasts.com/hospital-portal/portraits?hospital=desun-hospital
8407,"Haus Klein Linde","Groß Pankow (Prignitz)","Germany","","https://www.suchthilfe-brandenburg.de/","",0,0,haus-klein-linde,https://medcasts.com/hospital-portal/portraits?hospital=haus-klein-linde
8421,"Klinikum Nürnberg Süd","Nürnberg","Germany","","https://www.klinikum-nuernberg.de/","+49 911 3980",0,0,klinikum-nurnberg-sud,https://medcasts.com/hospital-portal/portraits?hospital=klinikum-nurnberg-sud
8423,"Sonnenberg Klinik","Stuttgart","Germany","","https://www.sonnenbergklinik.de/","",0,0,sonnenberg-klinik,https://medcasts.com/hospital-portal/portraits?hospital=sonnenberg-klinik
8422,"GFO-Kliniken Mettmann-Süd","Hilden","Germany","","https://kliniken-mettmann-sued.gfo-online.de/","+49 2103 8 99-0",0,0,gfo-kliniken-mettmann-sud,https://medcasts.com/hospital-portal/portraits?hospital=gfo-kliniken-mettmann-sud
5428,"Vasan Eye Care Hospital, Nagarabhavi","Bengaluru","India","","http://www.vasaneye.in/","",0,0,vasan-eye-care-hospital-nagarabhavi,https://medcasts.com/hospital-portal/portraits?hospital=vasan-eye-care-hospital-nagarabhavi
5544,"Life Care Hospital","bangaluru","India","","https://lifecarehosp.com/","+91-80 2684 6677",0,0,life-care-hospital,https://medcasts.com/hospital-portal/portraits?hospital=life-care-hospital
8430,"Hans-Susemihl-Krankenhaus","Emden","Germany","info@klinikum-emden.de","https://www.anevita.de/kliniken/klinik-emden","+49 4921 98 0",0,0,hans-susemihl-krankenhaus,https://medcasts.com/hospital-portal/portraits?hospital=hans-susemihl-krankenhaus
8434,"Psychiatrisches Zentrum für den Rheingau-Taunus-Kreis und Wiesbaden","Eltville am Rhein","Germany","","https://www.vitos.de/gesellschaften/vitos-rheingau/","+49 6123 6020",0,0,psychiatrisches-zentrum-fur-den-rheingau-taunus-kreis-und-wiesbaden,https://medcasts.com/hospital-portal/portraits?hospital=psychiatrisches-zentrum-fur-den-rheingau-taunus-kreis-und-wiesbaden
5429,"DG Hospital","Bengaluru","India","","http://dpal.kar.nic.in/Kanunu%20padakosha%20PDF%20Files/Recognised%20Hospitals.pdf","",0,0,dg-hospital,https://medcasts.com/hospital-portal/portraits?hospital=dg-hospital
8432,"EUREGIO-KLINIK","Nordhorn","Germany","info@euregio-klinik.de","https://www.euregio-klinik.de/","+49 5921 84 0",0,0,euregio-klinik,https://medcasts.com/hospital-portal/portraits?hospital=euregio-klinik
4653,"Alb Fils Hospital","Geislingen","Germany","","http://www.alb-fils-kliniken.de/","",0,0,alb-fils-hospital,https://medcasts.com/hospital-portal/portraits?hospital=alb-fils-hospital
5430,"Vasan Eye Care Hospital, Koramangala","Bengaluru","India","","http://www.vasaneye.in/","",0,0,vasan-eye-care-hospital-koramangala,https://medcasts.com/hospital-portal/portraits?hospital=vasan-eye-care-hospital-koramangala
4663,"St. Elisabeth-Krankenhaus Volkmarsen","Volkmarsen","Germany","","http://www.elisabeth-krankenhaus-volkmarsen.de/","",0,0,st-elisabeth-krankenhaus-volkmarsen,https://medcasts.com/hospital-portal/portraits?hospital=st-elisabeth-krankenhaus-volkmarsen
4354,"Psychiatrische Klinik Uelzen","Uelzen","Germany","info@pk-uelzen.de","https://www.bruecke-uelzen.de/","+49 581 3895 0",0,0,psychiatrische-klinik-uelzen,https://medcasts.com/hospital-portal/portraits?hospital=psychiatrische-klinik-uelzen
5434,"Omni Hospital","Hyderabad","India","","https://omnihospitals.in/","040 49871690;040 67369999",0,0,omni-hospital,https://medcasts.com/hospital-portal/portraits?hospital=omni-hospital
8441,"Hegau-Jugendwerk Gailingen","Gailingen am Hochrhein","Germany","","https://www.hegau-jugendwerk.de/","",0,0,hegau-jugendwerk-gailingen,https://medcasts.com/hospital-portal/portraits?hospital=hegau-jugendwerk-gailingen
4062,"Vulpius Klinik","Bad Rappenau","Germany","info@vulpiusklinik.de","https://www.vulpiusklinik.de/","+49 7264 600",0,0,vulpius-klinik,https://medcasts.com/hospital-portal/portraits?hospital=vulpius-klinik
5572,"Diavista Diabetes & Multispeciality Hospital","Banglore","India","","diavista.co.in","080 4096 9392",0,0,diavista-diabetes-multispeciality-hospital,https://medcasts.com/hospital-portal/portraits?hospital=diavista-diabetes-multispeciality-hospital
175,"Sir H. N. Reliance Foundation Hospital","Mumbai","India","","http://www.rfhospital.org/","",0,0,sir-h-n-reliance-foundation-hospital,https://medcasts.com/hospital-portal/portraits?hospital=sir-h-n-reliance-foundation-hospital
228,"Vidyasagar Institute of Mental Health and Neuro Sciences","New Delhi","India","","http://www.vimhans.com","",0,0,vidyasagar-institute-of-mental-health-and-neuro-sciences,https://medcasts.com/hospital-portal/portraits?hospital=vidyasagar-institute-of-mental-health-and-neuro-sciences
5412,"Mar Kavukatt Memorial Hospital, Anthinad","Meenachil","India","","https://mkmhospital.com/","+91-4822248927",0,0,mar-kavukatt-memorial-hospital-anthinad,https://medcasts.com/hospital-portal/portraits?hospital=mar-kavukatt-memorial-hospital-anthinad
5436,"Dhanvantri Jeevan Rekha Limited","Meerut","India","","djrl.org.in","",0,0,dhanvantri-jeevan-rekha-limited,https://medcasts.com/hospital-portal/portraits?hospital=dhanvantri-jeevan-rekha-limited
5578,"Pristine Hospital","Bangalore","India","","pristinehospitals.com","+9180 4135 4444",0,0,pristine-hospital,https://medcasts.com/hospital-portal/portraits?hospital=pristine-hospital
8445,"Agaplesion Diakonieklinikum Hamburg","Hamburg","Germany","info@d-k-h.de","https://www.d-k-h.de","+49 40 790200",0,0,agaplesion-diakonieklinikum-hamburg,https://medcasts.com/hospital-portal/portraits?hospital=agaplesion-diakonieklinikum-hamburg
8444,"Klinik für Manuelle Therapie","Hamm","Germany","","https://www.kmt-hamm.de/","+49 2381 9860",0,0,klinik-fur-manuelle-therapie,https://medcasts.com/hospital-portal/portraits?hospital=klinik-fur-manuelle-therapie
8448,"Hochtaunus-Kliniken Bad Homburg","Bad Homburg","Germany","","https://www.hochtaunus-kliniken.de/","",0,0,hochtaunus-kliniken-bad-homburg,https://medcasts.com/hospital-portal/portraits?hospital=hochtaunus-kliniken-bad-homburg
8453,"Akut-Klinik Am schönen Moos","Bad Saulgau","Germany","","https://www.akutklinik-badsaulgau.de/","",0,0,akut-klinik-am-schonen-moos,https://medcasts.com/hospital-portal/portraits?hospital=akut-klinik-am-schonen-moos
8454,"KIRINUS PsoriSol Klinik","Hersbruck","Germany","psorisolklinik@kirinus.de","https://www.kirinus.de/psorisol-klinik","+49 9151 729-0",0,0,kirinus-psorisol-klinik,https://medcasts.com/hospital-portal/portraits?hospital=kirinus-psorisol-klinik
8456,"Evangelisches Bathildiskrankenhaus","Bad Pyrmont","Germany","","https://www.bathildis.de/","",0,0,evangelisches-bathildiskrankenhaus,https://medcasts.com/hospital-portal/portraits?hospital=evangelisches-bathildiskrankenhaus
8457,"Krankenhaus Schleiden","Schleiden","Germany","","https://www.kkhm.de/einrichtungen/krankenhaus-schleiden/uebersicht","+49 2445 870",0,0,krankenhaus-schleiden,https://medcasts.com/hospital-portal/portraits?hospital=krankenhaus-schleiden
8452,"Marienkrankenhaus Schützenstraße","Schwerte","Germany","","https://www.marien-kh.de/","",0,0,marienkrankenhaus-schutzenstra-e,https://medcasts.com/hospital-portal/portraits?hospital=marienkrankenhaus-schutzenstra-e
5228,"Hospital Jasin","Jasin","Malaysia","","http://hjasin.moh.gov.my/v3/index.php/en/","",0,0,hospital-jasin,https://medcasts.com/hospital-portal/portraits?hospital=hospital-jasin
3692,"Vivantes Klinikum Kaulsdorf","Berlin","Germany","","http://www.vivantes.de/fuer-sie-vor-ort/details/action/custompage/einrichtung/vivantes-klinikum-hellersdorf/seite/willkommen-5/","",0,0,vivantes-klinikum-kaulsdorf,https://medcasts.com/hospital-portal/portraits?hospital=vivantes-klinikum-kaulsdorf
8463,"Städtisches Klinikum","Karlsruhe","Germany","","https://www.klinikum-karlsruhe.de/","+49 721 974-0",0,0,stadtisches-klinikum,https://medcasts.com/hospital-portal/portraits?hospital=stadtisches-klinikum
8461,"Medizinische Hochschule Hannover","Hannover","Germany","","https://www.mhh.de","+49 511 532-0",0,0,medizinische-hochschule-hannover,https://medcasts.com/hospital-portal/portraits?hospital=medizinische-hochschule-hannover
8464,"St. Marienhospital Vechta","Vechta","Germany","info@marienhospital-vechta.de","https://www.marienhospital-vechta.de/","+49 4441 99 0",0,0,st-marienhospital-vechta,https://medcasts.com/hospital-portal/portraits?hospital=st-marienhospital-vechta
5420,"Rajan Eye Care Hospital","Chennai","India","rajaneye@vsnl.com","https://rajaneyecare.com/","2834 0500/0300",0,0,rajan-eye-care-hospital,https://medcasts.com/hospital-portal/portraits?hospital=rajan-eye-care-hospital
6419,"Zenith Super Specialist Hospital","Baranagar","India","info@zenithhospital.in","https://www.zenithhospital.in/","03325444391;25444391",0,0,zenith-super-specialist-hospital,https://medcasts.com/hospital-portal/portraits?hospital=zenith-super-specialist-hospital
6443,"Dhami Eye Care Hospital","Ludhiana","India","dhamieyehospital@gmail.com","https://dhamieyehospital.com/","",0,0,dhami-eye-care-hospital,https://medcasts.com/hospital-portal/portraits?hospital=dhami-eye-care-hospital
4635,"Europäische Bibliothek für Homöopathie","Köthen","Germany","","http://www.hombib-dzvhae.de/hombib-portraet-der-bibliotheken/bibliothek-koethen-28ebh29/bib-koethen.html","",0,0,europaische-bibliothek-fur-homoopathie,https://medcasts.com/hospital-portal/portraits?hospital=europaische-bibliothek-fur-homoopathie
8466,"Ammerland-Klinik","Westerstede","Germany","","https://www.ammerland-klinik.de","+49 4488 500",0,0,ammerland-klinik,https://medcasts.com/hospital-portal/portraits?hospital=ammerland-klinik
8468,"Vitos Klinik Herborn","Herborn","Germany","info@vitos-herborn.de","https://vitos.de/gesellschaften/vitos-herborn","+49 2772 5040",0,0,vitos-klinik-herborn,https://medcasts.com/hospital-portal/portraits?hospital=vitos-klinik-herborn
8467,"St.-Elisabeth Krankenhaus Dortmund-Kurl","Dortmund","Germany","","https://www.elisabeth-dortmund.de/","",0,0,st-elisabeth-krankenhaus-dortmund-kurl,https://medcasts.com/hospital-portal/portraits?hospital=st-elisabeth-krankenhaus-dortmund-kurl
233,"Lok Nayak Hospital","New Delhi","India","","http://delhi.gov.in/wps/wcm/connect/doit_lnjp/LNJP/home","",0,0,lok-nayak-hospital,https://medcasts.com/hospital-portal/portraits?hospital=lok-nayak-hospital
5614,"Relief Hospital And Trauma Centre (Joint Replacement Centre) Bypass Road Kondotty","Kondotty","India","reliefhospitalkondotty@gmail.com","http://wwe.reliefhospitalkondotty.com","+91-483271208",0,0,relief-hospital-and-trauma-centre-joint-replacement-centre-bypass-road-kondotty,https://medcasts.com/hospital-portal/portraits?hospital=relief-hospital-and-trauma-centre-joint-replacement-centre-bypass-road-kondotty
1050,"Kiran Hospital","Surat","India","","http://www.kiranhospital.com","",0,0,kiran-hospital,https://medcasts.com/hospital-portal/portraits?hospital=kiran-hospital
5439,"Gayathri Hospital, Bengaluru Urban","Bengaluru","India","","http://dpal.kar.nic.in/Kanunu%20padakosha%20PDF%20Files/Recognised%20Hospitals.pdf","",0,0,gayathri-hospital-bengaluru-urban,https://medcasts.com/hospital-portal/portraits?hospital=gayathri-hospital-bengaluru-urban
4034,"Oberlausitz-Kliniken","Bautzen","Germany","info@oberlausitz-kliniken.de","http://www.oberlausitz-kliniken.de/","+49 3591 3630",0,0,oberlausitz-kliniken,https://medcasts.com/hospital-portal/portraits?hospital=oberlausitz-kliniken
8470,"Klinik Alpenblick","Isny im Allgäu","Germany","info@klinik-alpenblick.de","https://www.klinik-alpenblick.de/","+49 7562 71-1411",0,0,klinik-alpenblick,https://medcasts.com/hospital-portal/portraits?hospital=klinik-alpenblick
8481,"Sana HANSE-Klinikum Wismar","Wismar","Germany","wismar@sana.de","https://www.sana.de/wismar","+49 3841 330",0,0,sana-hanse-klinikum-wismar,https://medcasts.com/hospital-portal/portraits?hospital=sana-hanse-klinikum-wismar
5621,"New Life Hospital","Cuddalore","India","","drrkarthigayini.com","04142 221 567",0,0,new-life-hospital,https://medcasts.com/hospital-portal/portraits?hospital=new-life-hospital
5622,"A.R.R.Hospital","Cuddalore","India","","drarunprasathcardio.com","04142 231 108",0,0,a-r-r-hospital,https://medcasts.com/hospital-portal/portraits?hospital=a-r-r-hospital
5427,"Indira Gandhi Medical College and Research Institute","Puducherry","India","","https://igmcri.edu.in","0413-2277291",1,1,indira-gandhi-medical-college-and-research-institute,https://medcasts.com/hospital-portal/portraits?hospital=indira-gandhi-medical-college-and-research-institute
8484,"Sana Klinik München","München","Germany","info-skm@sana.de","https://www.sana.de/muenchen","+49 89 72403-0",0,0,sana-klinik-munchen,https://medcasts.com/hospital-portal/portraits?hospital=sana-klinik-munchen
8485,"Sana Krankenhaus Benrath","Düsseldorf","Germany","info@sana-duesseldorf.de","https://www.sana-benrath.de/","+49 211 99702",0,0,sana-krankenhaus-benrath,https://medcasts.com/hospital-portal/portraits?hospital=sana-krankenhaus-benrath
5631,"Eva Ortho & IVF Hospital","Ludhiana","India","","https://evahospital.in/","",0,0,eva-ortho-ivf-hospital,https://medcasts.com/hospital-portal/portraits?hospital=eva-ortho-ivf-hospital
5625,"Raj Medicity","Porompat","India","","https://www.rajmedicity.com/","",0,0,raj-medicity,https://medcasts.com/hospital-portal/portraits?hospital=raj-medicity
5444,"Shirdi Sai Hospital","Bengaluru","India","","http://shirdisaihospital.in/","",0,0,shirdi-sai-hospital,https://medcasts.com/hospital-portal/portraits?hospital=shirdi-sai-hospital
8486,"Fachklinik Klaus Störtebeker Ostseestrand","Loddin","Germany","","https://www.johannesbad-medizin.com","",0,0,fachklinik-klaus-stortebeker-ostseestrand,https://medcasts.com/hospital-portal/portraits?hospital=fachklinik-klaus-stortebeker-ostseestrand
217,"The Calcutta Homoeopathic Medical College & Hospital","Kolkata","India","","http://www.chmch.co.in","",0,0,the-calcutta-homoeopathic-medical-college-hospital,https://medcasts.com/hospital-portal/portraits?hospital=the-calcutta-homoeopathic-medical-college-hospital
5453,"Surya Sahyadri Hospital","Pune","India","","https://www.sahyadrihospital.com/","02024574232",0,0,surya-sahyadri-hospital,https://medcasts.com/hospital-portal/portraits?hospital=surya-sahyadri-hospital
5638,"Amar Maternity & Fertility Centre","Attingal","India","","https://amarfertility.com/","+91-9495962977",0,0,amar-maternity-fertility-centre,https://medcasts.com/hospital-portal/portraits?hospital=amar-maternity-fertility-centre
5640,"Indo-American Hospital","Vaikom","India","","https://www.indoamericanhospital.in/","+914829273281, 273282, 273283",0,0,indo-american-hospital,https://medcasts.com/hospital-portal/portraits?hospital=indo-american-hospital
8489,"Burjeel MHPC","Al Kasir","United Arab Emirates","info@marinahpc.com","http://www.marinahpc.com","",0,0,burjeel-mhpc,https://medcasts.com/hospital-portal/portraits?hospital=burjeel-mhpc
4143,"Christophsbad Göppingen","Göppingen","Germany","","http://www.christophsbad.de","",0,0,christophsbad-goppingen,https://medcasts.com/hospital-portal/portraits?hospital=christophsbad-goppingen
8496,"Medeor 24x7 Hospital","Dubai","United Arab Emirates","","https://www.medeor247dubai.com/","+97143500600",0,0,medeor-24x7-hospital,https://medcasts.com/hospital-portal/portraits?hospital=medeor-24x7-hospital
5445,"Sree Sudheendra Medical Mission Hospital","Ernakulam","India","","https://ssmmhospital.com/","",0,0,sree-sudheendra-medical-mission-hospital,https://medcasts.com/hospital-portal/portraits?hospital=sree-sudheendra-medical-mission-hospital
5449,"Ojjus Hospital","Noida","India","gammaknife@ojjus.org","http://www.ojjus.org/index-2.html","",0,0,ojjus-hospital,https://medcasts.com/hospital-portal/portraits?hospital=ojjus-hospital
8509,"BIOS CLINIC","Dubai","United Arab Emirates","","https://biosplasticsurgery.com/","+971 54 200 1270",0,0,bios-clinic,https://medcasts.com/hospital-portal/portraits?hospital=bios-clinic